Company,Ticket ID,Message,accept,decline,goodbye,confirm,refer_to_engineering,refer_to_manager
yonatan,123,"Hey, please let me know what your product does","Hello! Thank you for reaching out and showing interest in our product. I'd be more than happy to provide you with information about what our product does.

Our product is designed to [briefly describe the main functionality or purpose of the product]. It aims to [mention the benefits or solutions it offers to customers].

If you have any specific questions or would like more details about any particular feature, please feel free to ask. I'm here to assist you!

Thank you for your time and consideration. Have a great day!

Best regards,
[Your Name]","Dear customer, 

Thank you for reaching out and showing interest in our product. I would be happy to provide you with more information. In order to assist you better, could you please answer a few questions? 

1. What specific problem are you looking to solve or address?
2. Are there any specific features or functionalities that you are particularly interested in?
3. Do you have any specific preferences or requirements for the product?
4. Is there a specific budget range that you have in mind?
5. Do you have any timeline or deadline for implementing the product?

Once I have these details, I will be able to give you a more accurate overview of how our product can meet your needs. 

Please feel free to provide me with the requested information. I am here to help you. 

Best regards,
[Your Name]","Dear customer, 

Thank you for reaching out to us. I understand that you would like to know what our product does. However, I'm sorry to inform you that I am unable to provide that information at the moment. 

If you have any other questions or need assistance with anything else, please feel free to let me know. I'm here to help!

Best regards,
[Your Name]","Dear customer,

Thank you for reaching out to us with your question. I'd be happy to assist you. Our product is designed to provide a solution for [specific problem or need]. It offers [specific features or benefits], which can help you achieve [desired outcome or goal]. If you have any further questions or need more information, please feel free to ask.

Thank you for your interest in our product. Have a wonderful day!

Best regards,
[Your Name]","I appreciate your interest in our product. Allow me to provide you with a brief overview. Our product offers advanced features that [briefly describe the main functionalities of the product]. It is designed to [mention the benefits or problems it solves]. If you have any specific questions or need more information, feel free to ask. We're here to help!","I apologize for any confusion, but I'm unable to provide specific details about our product. However, I can certainly connect you with our engineering team who would be more than happy to answer your questions and provide a clear understanding of our product's features and functionalities. Please allow me a moment while I transfer you to the appropriate department. Thank you for your patience.","I apologize for the inconvenience, but I'm unable to provide you with the information about our product at the moment. I will need to escalate your query to my manager who will be able to assist you further. Thank you for your understanding and patience."
Natanoy,33442,i dont understand how to jump,"Thank you for reaching out to us. I'm sorry to hear that you're having trouble understanding how to jump. I'll be more than happy to help you with that.

Jumping can be a little tricky to explain, but I'll do my best to break it down for you. When it comes to jumping, you typically need to push off the ground with your feet while simultaneously lifting and extending your legs. This upward motion propels you off the ground into the air. It may take some practice to get it right, but don't worry, everyone learns at their own pace.

If you'd like more detailed instructions or have any specific questions, please let me know. I'm here to assist you further.

Best regards,
[Your Name]",I'm sorry to hear that you're having trouble understanding how to jump. Allow me to assist you. Can you please provide me with some additional information so that I can better assist you? Thank you.,"I'm sorry to hear that you're having trouble understanding how to jump. 
Jumping can be a bit tricky to explain, but I'm here to help! To jump, you typically need to push off the ground with your legs and use a combination of arm movements to propel yourself upwards. Would you like me to provide more specific instructions or any other assistance?",I'm sorry to hear that you're having trouble understanding how to jump. Could you please provide more details so that I can assist you better?,I understand that you're having difficulty understanding how to jump. I'm here to assist you. Please let me know what specific aspect of jumping you are struggling with so that I can provide you with the appropriate guidance.,"I'm sorry to hear that you're having trouble understanding how to jump. I understand how frustrating it can be when you're uncertain about something. Let me escalate this issue to our engineering team so they can investigate and provide you with a solution. Thank you for bringing this to our attention. Please stay on the line while I process your request.
",I apologize for the confusion you're experiencing regarding jumping. I understand how important it is to have a clear understanding. Let me escalate your issue to our manager who can provide you with the right guidance and assistance. Please wait while I connect you to them. Thank you for bringing this to our attention and your patience in this matter.
